Nome,E-Mail,Telefone
Rashida Sawayn,tony@smitham.test,904 457 1253
Rev. Irving Larkin,nedra.spencer@collier-nader.example,(788) 137-2656
Rep. Whitney Trantow,nedra@cruickshank-heaney.test,(757) 623-9095
Msgr. Jamie Balistreri,fermin@okuneva.test,927-736-2088
Thomasena Hettinger III,korey_jerde@mraz.example,961 533 5195
German Stamm,riley.donnelly@dietrich-crooks.example,540.076.3953
Vance White,lupe.fahey@cartwright.test,925-145-1742
Russell Cronin,dedra@price.example,348.166.7240
Darline Heathcote IV,gilbert.hauck@kuvalis.test,273-657-7605
Eladia Russel DO,jorge@leannon.example,110-807-1348
Mandie Emard,manda@homenick.test,870-505-2280
Katy Carter,dirk_reichel@hammes-gorczany.test,759-191-5657
Cornell Steuber,twila_wiza@buckridge.test,(979) 780-8063
Fr. Lezlie Effertz,bev.funk@bruen.example,(591) 849-8168
Rev. Darcy Wiegand,linwood_anderson@murazik-ernser.example,612-852-8511
Deane Russel LLD,vernon_kassulke@reilly.example,772.617.5273
Regena Adams,belle.zulauf@osinski.test,(235) 995-2304
Tenesha Cole,joseph@walker.test,667-572-2789
Fr. Matthew Weber,lavon@carter.example,849-126-1099
Janae Volkman,isidro.mertz@franecki.example,(662) 417-9034
